latitude,longitude,name,security,strength
44.939282,-93.299691,Main,3,42
44.939282,-93.299691,USI-Fiber_2EE8,3,43
44.939282,-93.299691,xfinitywifi,0,37
44.939282,-93.299691,Fuzznet,3,41
44.939282,-93.299691,Fuzznet Guest Network,3,41
44.939282,-93.299691,usiw_secure,3,39
44.939282,-93.299691,usiw_secure_S13N116T1,3,41
44.939282,-93.299691,!USI Fiber Available!,0,41
44.939282,-93.299691,City of Minneapolis Public WiFi,0,43
44.939282,-93.299691,myqwest4501,3,34
44.939282,-93.299691,USI Wireless,0,42
44.939282,-93.299691,brandtfontaine1445,3,45
44.939282,-93.299691,Kronkd,3,42
44.939282,-93.299691,Holman Kingdom,3,37
44.939282,-93.299691,Blakelywifi-2.4,3,37
44.939282,-93.299691,Annie Fontaine's Network,3,38
44.939290,-93.299723,Main,3,35
44.939290,-93.299723,USI-Fiber_2EE8,3,47
44.939290,-93.299723,Fuzznet Guest Network,3,39
44.939290,-93.299723,City of Minneapolis Public WiFi,0,48
44.939290,-93.299723,HOME-F172,3,37
44.939290,-93.299723,xfinitywifi,0,37
44.939290,-93.299723,usiw_secure,3,46
44.939290,-93.299723,usiw_secure_S13N012T2,3,47
44.939290,-93.299723,USI Wireless,0,46
44.939290,-93.299723,USI_Fiber-33C3 2.4G,3,41
44.939290,-93.299723,brandtfontaine1445,3,44
44.939290,-93.299723,Kronkd,3,38
44.939290,-93.299723,usiw_secure_S13N142T1,3,43
44.939290,-93.299723,!USI Fiber Available!,0,43
44.939290,-93.299723,Holman Kingdom,3,38
44.939290,-93.299723,Annie Fontaine's Network,3,38
44.939290,-93.299723,HOME-DC12,3,47
44.939290,-93.299723,usiw_secure_S13N116T1,3,44
44.939290,-93.299723,Brotel Brolifornia,3,38
44.939290,-93.299723,Fuzznet,3,39
44.939380,-93.299414,CenturyLink7827,3,45
44.939380,-93.299414,Main,3,40
44.939380,-93.299414,xfinitywifi,0,43
44.939380,-93.299414,USI-Fiber_2EE8,3,44
44.939380,-93.299414,Blakelywifi-2.4,3,43
44.939380,-93.299414,TheGopherHole,3,45
44.939380,-93.299414,usiw_secure,3,36
44.939380,-93.299414,usiw_secure_S13N012T2,3,57
44.939380,-93.299414,City of Minneapolis Public WiFi,0,47
44.939380,-93.299414,USI Wireless,0,40
44.939380,-93.299414,usiw_secure_S13N116T1,3,43
44.939380,-93.299414,!USI Fiber Available!,0,56
44.939380,-93.299414,Kronkd,3,38
44.939380,-93.299414,myqwest4501,3,35
44.939380,-93.299414,brandtfontaine1445,3,44
44.939445,-93.298991,CenturyLink7827,3,39
44.939445,-93.298991,xfinitywifi,0,38
44.939445,-93.298991,happyhome,3,39
44.939445,-93.298991,usiw_secure,3,53
44.939445,-93.298991,!USI Fiber Available!,0,53
44.939445,-93.298991,usiw_secure_S13N116T1,3,53
44.939445,-93.298991,USI Wireless,0,53
44.939445,-93.298991,City of Minneapolis Public WiFi,0,53
44.939445,-93.298991,CenturyLink7069,3,39
44.939445,-93.298991,usiw_secure_S13N012T2,3,60
44.939445,-93.298991,MattandKatie,3,39
44.939445,-93.298991,HOME-9C77-2.4,3,40
44.939445,-93.298991,Wanda,3,36
44.939445,-93.298991,Main,3,39
44.939445,-93.298991,WaveSalon-Guest,3,38
44.939445,-93.298991,WaveSalon,3,39
44.939445,-93.298991,NiceCedar,3,44
44.939445,-93.298991,NiceCedar-guest,0,44
44.939510,-93.298551,happyhome,3,46
44.939510,-93.298551,usiw_secure,3,42
44.939510,-93.298551,usiw_secure_S13N012T2,3,63
44.939510,-93.298551,!USI Fiber Available!,0,43
44.939510,-93.298551,USI Wireless,0,62
44.939510,-93.298551,City of Minneapolis Public WiFi,0,63
44.939510,-93.298551,WAV-Voice,3,39
44.939510,-93.298551,WaveSalon-Guest,3,45
44.939510,-93.298551,WaveSalon,3,39
44.939510,-93.298551,NiceCedar,3,40
44.939510,-93.298551,NiceCedar-guest,0,40
44.939510,-93.298551,Chocolate2,3,36
44.939510,-93.298551,CenturyLink3379,3,39
44.939795,-93.298454,NETGEAR23,3,47
44.939795,-93.298454,HOME-FEB8-2.4,3,51
44.939795,-93.298454,xfinitywifi,0,40
44.939795,-93.298454,HOME-27D4,3,54
44.939795,-93.298454,!USI Fiber Available!,0,59
44.939795,-93.298454,City of Minneapolis Public WiFi,0,49
44.939795,-93.298454,linksys,2,38
44.939795,-93.298454,Test USI,3,48
44.939795,-93.298454,usiw_secure,3,58
44.939795,-93.298454,USI Wireless,0,59
44.939795,-93.298454,Pretty Fly For A Wi-Fi,2,42
44.939795,-93.298454,MS8,3,40
44.939795,-93.298454,usiw_secure_S13N012T2,3,60
44.939795,-93.298454,MOTOROLA-04337,3,36
44.939795,-93.298454,HOME-9C77-2.4,3,43
44.939795,-93.298454,belkin.c0a,3,43
44.939795,-93.298454,A Little Bit Router Now,3,39
44.939795,-93.298454,HOME-E798,3,39
44.940210,-93.298421,usiw_secure,3,56
44.940210,-93.298421,xfinitywifi,0,36
44.940210,-93.298421,usiw_secure_S13N011T2,3,51
44.940210,-93.298421,!USI Fiber Available!,0,57
44.940210,-93.298421,City of Minneapolis Public WiFi,0,57
44.940210,-93.298421,Pretty Fly For A Wi-Fi,2,38
44.940210,-93.298421,USI Wireless,0,56
44.940210,-93.298421,usiw_secure_S13N012T2,3,57
44.940210,-93.298421,usiw_secure_S13N010T2,3,42
44.940210,-93.298421,HOME-FEB8-2.4,3,39
44.940210,-93.298421,2410,3,38
44.940210,-93.298421,SPRE-guest,0,36
44.940210,-93.298421,HOME-27D4,3,44
44.940210,-93.298421,KiekeLaw,3,39
44.940210,-93.298421,HOME-5272,3,39
44.940210,-93.298421,linksys,2,38
44.940519,-93.298405,SPRE,3,39
44.940519,-93.298405,SPRE-guest,0,42
44.940519,-93.298405,City of Minneapolis Public WiFi,0,42
44.940519,-93.298405,!USI Fiber Available!,0,46
44.940519,-93.298405,Chez Ampersand,3,45
44.940519,-93.298405,xfinitywifi,0,49
44.940519,-93.298405,USI Wireless,0,39
44.940519,-93.298405,AP Extreme,3,40
44.940519,-93.298405,usiw_secure,3,45
44.940519,-93.298405,usiw_secure_S13N012T2,3,45
44.940519,-93.298405,usiw_secure_S13N010T2,3,43
44.940519,-93.298405,LittleKidLovers,3,39
44.940519,-93.298405,prinney,3,46
44.940519,-93.298405,NETGEAR60,3,56
44.940519,-93.298405,DungeonNet,3,42
44.940519,-93.298405,CenturyLink2128,3,40
44.940999,-93.298356,SPRE,3,42
44.940999,-93.298356,HOME-05A2,3,39
44.940999,-93.298356,SPRE-guest,0,39
44.940999,-93.298356,HOME-7382,3,43
44.940999,-93.298356,!USI Fiber Available!,0,43
44.940999,-93.298356,HOME-F682,3,42
44.940999,-93.298356,raymond kush,3,40
44.940999,-93.298356,xfinitywifi,0,39
44.940999,-93.298356,usiw_secure,3,44
44.940999,-93.298356,usiw_secure_S13N010T2,3,40
44.940999,-93.298356,M O O N R I S E K I N G D O M,3,36
44.940999,-93.298356,LittleKidLovers,3,36
44.940999,-93.298356,NETGEAR69,3,38
44.940999,-93.298356,prinney,3,42
44.940999,-93.298356,WiFi You Fools,3,40
44.940999,-93.298356,CenturyLink0071,3,43
44.940999,-93.298356,CodenameDuchess,3,39
44.940999,-93.298356,CenturyLink6296,3,42
44.940999,-93.298356,HOME-9E22,3,40
44.940999,-93.298356,HOME-8ED7,3,43
44.941382,-93.298356,SPRE,3,55
44.941382,-93.298356,SPRE-guest,0,62
44.941382,-93.298356,usiw_secure,3,61
44.941382,-93.298356,usiw_secure_S13N011T2,3,61
44.941382,-93.298356,City of Minneapolis Public WiFi,0,60
44.941382,-93.298356,!USI Fiber Available!,0,46
44.941382,-93.298356,whiskey and donuts,3,36
44.941382,-93.298356,qwest2016,3,40
44.941382,-93.298356,HOME-3A3C,3,38
44.941382,-93.298356,Chez Ampersand,3,42
44.941382,-93.298356,Puppy Party 2014,3,44
44.941382,-93.298356,USI Wireless,0,60
44.941382,-93.298356,M O O N R I S E K I N G D O M,3,44
44.941382,-93.298356,xfinitywifi,0,42
44.941382,-93.298356,HOME-F682,3,45
44.941382,-93.298356,HOME-05A2,3,43
44.941382,-93.298356,NETGEAR69,3,42
44.941382,-93.298356,CenturyLink0071,3,59
44.941382,-93.298356,usiw_secure_S13N010T2,3,53
44.941740,-93.298193,USI Wireless,0,53
44.941740,-93.298193,BigCheese,3,44
44.941740,-93.298193,!USI Fiber Available!,0,49
44.941740,-93.298193,PARADISE,3,40
44.941740,-93.298193,xfinitywifi,0,52
44.941740,-93.298193,HOME-EA34,3,41
44.941740,-93.298193,qwest2016,3,36
44.941740,-93.298193,CenturyLink6094,3,37
44.941740,-93.298193,HOME-3A3C,3,41
44.941740,-93.298193,City of Minneapolis Public WiFi,0,58
44.941740,-93.298193,Puppy Party 2014,3,46
44.941740,-93.298193,LaTerre-2.4,3,50
44.941740,-93.298193,usiw_secure_S13N010T2,3,43
44.941740,-93.298193,Downstairs,0,37
44.941740,-93.298193,usiw_secure_S13N012T2,3,49
44.941740,-93.298193,KittenLair,3,39
44.941740,-93.298193,KittenLair-guest,0,39
44.941740,-93.298193,tuborg,3,37
44.941740,-93.298193,HOME-9E22,3,40
44.941740,-93.298193,WiFi,3,44
44.942041,-93.298112,HOME-64C0,3,48
44.942131,-93.298096,xfinitywifi,0,47
44.942131,-93.298096,zxzxzxz,2,41
44.942131,-93.298096,CenturyLink5533,3,39
44.942131,-93.298096,usiw_secure,3,46
44.942131,-93.298096,usiw_secure_S13N012T2,3,39
44.942350,-93.298356,USI Wireless,0,52
44.942350,-93.298356,usiw_secure,3,62
44.942424,-93.298389,dustybenders,3,40
44.942424,-93.298389,xfinitywifi,0,50
44.942424,-93.298389,usiw_secure_S13N011T2,3,48
44.942424,-93.298389,Thayer,3,39
44.942424,-93.298389,Snowbray,3,39
44.942424,-93.298389,!USI Fiber Available!,0,60
44.942424,-93.298389,City of Minneapolis Public WiFi,0,62
44.942424,-93.298389,usiw_secure_S13N010T2,3,61
44.942424,-93.298389,Vaes Dothrak,3,36
44.942424,-93.298389,BackOnline,3,43
44.942424,-93.298389,NELSON,3,40
44.942424,-93.298389,HOME-5CCA-2.4,3,50
44.942424,-93.298389,CenturyLink4086,3,45
44.942424,-93.298389,HotTubPub,3,51
44.942424,-93.298389,TheGreenRoom,3,40
44.942424,-93.298389,HOME-5492,3,36
44.942424,-93.298389,The West Wing,3,47
44.942424,-93.298389,owlhead-2.4,3,37
44.942424,-93.298389,dlink_EXT,0,40
44.942668,-93.298421,HOME-9E52,3,41
44.942668,-93.298421,!USI Fiber Available!,0,58
44.942749,-93.298421,dustybenders,3,39
44.942749,-93.298421,xfinitywifi,0,37
44.942749,-93.298421,usiw_secure_S13N011T2,3,46
44.942749,-93.298421,Yell POOP for password,3,39
44.942749,-93.298421,usiw_secure,3,59
44.942749,-93.298421,HOME-5492,3,48
44.942749,-93.298421,Vaes Dothrak,3,51
44.942749,-93.298421,usiw_secure_S13N010T2,3,58
44.942749,-93.298421,EnoughSven,3,37
44.942749,-93.298421,ASUS,3,41
44.942749,-93.298421,HOME-9122,3,41
44.942749,-93.298421,HotTubPub,3,44
44.942749,-93.298421,hankhanka,3,41
44.942749,-93.298421,USI Wireless,0,45
44.942749,-93.298421,HP-Print-BC-Officejet Pro 8600,3,40
44.942749,-93.298421,FULCRUMGROUP,3,39
44.942749,-93.298421,Law Office of Joshua Williams,3,37
44.942749,-93.298421,DLINC,3,41
44.943050,-93.298438,DLINC,3,46
44.943050,-93.298438,usiw_secure_S13N140T1,3,43
44.943050,-93.298438,ngHub_3EX236N70171A,3,43
44.943164,-93.298405,City of Minneapolis Public WiFi,0,41
44.943164,-93.298405,poopyscudders,3,39
44.943164,-93.298405,NETGEAR24,3,37
44.943164,-93.298405,!USI Fiber Available!,0,39
44.943164,-93.298405,usiw_secure,3,39
44.943164,-93.298405,hankhanka,3,37
44.943164,-93.298405,BatCave,2,39
44.943164,-93.298405,HOME-8562,3,39
44.943164,-93.298405,HP-Print-C7-ENVY 4500 series,3,39
44.943164,-93.298405,McDonald's Free Wifi,3,40
44.943164,-93.298405,Heisenberg,3,40
44.943164,-93.298405,xfinitywifi,0,40
44.943164,-93.298405,air watch,2,41
44.943164,-93.298405,Law Office of Joshua Williams,3,43
44.943164,-93.298405,Yell POOP for password,3,40
44.943164,-93.298405,MAC OS user,3,37
44.943164,-93.298405,NETGEAR11,3,37
44.943164,-93.298405,peachiekay,3,40
44.943400,-93.298372,DLINC,3,43
44.943400,-93.298372,usiw_secure_S13N008T2,3,46
44.943400,-93.298372,usiw_secure,3,47
44.943400,-93.298372,usiw_secure_S13N140T1,3,41
44.943490,-93.298356,usiw_secure_S13N011T2,3,48
44.943490,-93.298356,City of Minneapolis Public WiFi,0,46
44.943490,-93.298356,!USI Fiber Available!,0,41
44.943490,-93.298356,BatCave,2,39
44.943490,-93.298356,HP-Print-29-LaserJet 200 color,3,36
44.943490,-93.298356,Belkin.4D9A,3,41
44.943490,-93.298356,poopyscudders,3,36
44.943490,-93.298356,HOME-8562,3,36
44.943490,-93.298356,xfinitywifi,0,40
44.943490,-93.298356,FULCRUMGROUP,3,41
44.943490,-93.298356,ASUS,3,43
44.943490,-93.298356,DadsandChadsPad,3,43
44.943490,-93.298356,HOME-8B82,3,39
44.943490,-93.298356,Shepard,3,37
44.943490,-93.298356,peachiekay,3,44
44.943490,-93.298356,Yell POOP for password,3,43
44.943791,-93.298340,Toby,3,40
44.943791,-93.298340,HideYaKidsHideYaWifi,3,41
44.943791,-93.298340,AIRPORT EXTREME,3,41
44.943791,-93.298340,CenturyLink7727,3,47
44.943791,-93.298340,HOME-4EE5,3,46
44.943840,-93.298372,Surfboart,3,43
44.943840,-93.298372,airport extreme,3,47
44.943840,-93.298372,City of Minneapolis Public WiFi,0,43
44.943840,-93.298372,usiw_secure_S13N140T1,3,45
44.943840,-93.298372,usiw_secure,3,45
44.943840,-93.298372,USI Wireless,0,43
44.943840,-93.298372,NETGEAR31,3,40
44.943840,-93.298372,HOME-3152,3,44
44.943840,-93.298372,BatCave,2,36
44.943840,-93.298372,xfinitywifi,0,41
44.943840,-93.298372,HOME-8562,3,43
44.943840,-93.298372,The Real WiFi of Hennepin County,3,46
44.944189,-93.298356,usiw_secure_S13N008T2,3,53
44.944189,-93.298356,Toby,3,41
44.944189,-93.298356,HOME-4EE5,3,37
44.944189,-93.298356,!USI Fiber Available!,0,47
44.944189,-93.298356,MLBM-guest,0,36
44.944189,-93.298356,AIRPORT EXTREME,3,41
44.944287,-93.298324,4hawtbitches,3,40
44.944287,-93.298324,usiw_secure_S13N140T1,3,46
44.944287,-93.298324,LIG,3,41
44.944287,-93.298324,usiw_secure,3,46
44.944287,-93.298324,BunBun,3,37
44.944287,-93.298324,ViziSpa,0,43
44.944287,-93.298324,JLarsonLaw,3,43
44.944287,-93.298324,The Real WiFi of Hennepin County,3,41
44.944287,-93.298324,NETGEAR31,3,41
44.944287,-93.298324,HOME-8562,3,36
44.944287,-93.298324,SBC-24GHz,3,39
44.944287,-93.298324,PaulaLawFirm,3,44
44.944287,-93.298324,PS3-1313466,2,37
44.944287,-93.298324,KennyPowers,3,43
44.944287,-93.298324,airport extreme,3,41
44.944539,-93.298210,City of Minneapolis Public WiFi,0,47
44.944539,-93.298210,usiw_secure,3,40
44.944539,-93.298210,usiw_secure_S13N008T2,3,64
44.944539,-93.298210,!USI Fiber Available!,0,63
44.944539,-93.298210,airport extreme,3,43
44.944539,-93.298210,Toby,3,37
44.944539,-93.298210,xfinitywifi,0,39
44.944661,-93.298210,usiw_secure_S13N140T1,3,59
44.944661,-93.298210,PS3-1313466,2,39
44.944661,-93.298210,The Real WiFi of Hennepin County,3,43
44.944661,-93.298210,usiw_secure_S13N010T2,3,44
44.944661,-93.298210,iConnect,3,40
44.944661,-93.298210,NETGEAR31,3,41
44.944661,-93.298210,MLBM,3,39
44.944946,-93.298389,USI Wireless,0,64
44.944946,-93.298389,usiw_secure_S13N008T2,3,65
44.944946,-93.298389,City of Minneapolis Public WiFi,0,64
44.944946,-93.298389,usiw_secure,3,54
44.944946,-93.298389,!USI Fiber Available!,0,68
44.944946,-93.298389,HOME-B278,3,43
44.944946,-93.298389,xfinitywifi,0,46
44.944946,-93.298389,usiw_secure_S13N011T2,3,41
44.945052,-93.298389,HOME-1581,3,39
44.945052,-93.298389,usiw_secure_S13N140T1,3,52
44.945052,-93.298389,value8,3,41
44.945052,-93.298389,usiw_secure_S13N010T2,3,43
44.945052,-93.298389,iConnect,3,40
44.945052,-93.298389,cc3133,2,37
44.945052,-93.298389,Belay,3,58
44.945052,-93.298389,Truce,3,39
44.945052,-93.298389,dlink-DA48,3,47
44.945052,-93.298389,SheeleetaBuffet,3,40
44.945239,-93.298356,xfinitywifi,0,46
44.945239,-93.298356,USI Wireless,0,45
44.945239,-93.298356,usiw_secure_S13N008T2,3,49
44.945239,-93.298356,the twins,3,45
44.945239,-93.298356,usiw_secure_S13N011T2,3,44
44.945239,-93.298356,City of Minneapolis Public WiFi,0,47
44.945239,-93.298356,!USI Fiber Available!,0,52
44.945239,-93.298356,usiw_secure_S13N140T1,3,47
44.945239,-93.298356,SheeleetaBuffet,3,36
44.945378,-93.298356,OWNER-PC_Network,2,36
44.945378,-93.298356,usiw_secure_S13N010T2,3,44
44.945378,-93.298356,cc3133,2,43
44.945378,-93.298356,iConnect,3,39
44.945378,-93.298356,jodir,3,43
44.945378,-93.298356,usiw_secure,3,51
44.945378,-93.298356,USI-Fiber_4FE0,3,44
44.945378,-93.298356,CenturyLink3474,3,37
44.945378,-93.298356,HOME-1662,3,39
44.945378,-93.298356,Uptown Bar & Grill,3,36
44.945378,-93.298356,Linus's Hot Spot,3,37
44.945654,-93.298421,!USI Fiber Available!,0,39
44.945654,-93.298421,NETGEAR,1,44
44.945654,-93.298421,usiw_secure,3,53
44.945654,-93.298421,City of Minneapolis Public WiFi,0,39
44.945654,-93.298421,usiw_secure_S13N008T2,3,43
44.945654,-93.298421,USI Wireless,0,49
44.945654,-93.298421,xfinitywifi,0,50
44.945654,-93.298421,HOME-E4ED,3,46
44.945654,-93.298421,usiw_secure_S13N140T1,3,53
44.945654,-93.298421,HP-Print-F6-Photosmart 6520,3,37
44.945744,-93.298405,LittleGrayAliens,3,48
44.945744,-93.298405,Homegrown Lacrosse's Network,3,41
44.945744,-93.298405,the twins,3,39
44.945744,-93.298405,Fernando's iPad,3,37
44.945744,-93.298405,SheeleetaBuffet,3,39
44.945744,-93.298405,value8,3,35
44.945744,-93.298405,PETCD,3,46
44.946004,-93.298405,Guest Network,3,43
44.946004,-93.298405,!USI Fiber Available!,0,59
44.946004,-93.298405,usiw_secure,3,59
44.946004,-93.298405,Fernando's iPad,3,48
44.946004,-93.298405,City of Minneapolis Public WiFi,0,59
44.946004,-93.298405,Q.T.Property Management Uptown,3,41
44.946004,-93.298405,USI Wireless,0,59
44.946004,-93.298405,Uptown Lawyers' 2.4GHz Wifi,3,37
44.946004,-93.298405,usiw_secure_S13N140T1,3,55
44.946004,-93.298405,SheeleetaBuffet,3,36
44.946004,-93.298405,LittleGrayAliens,3,39
44.946110,-93.298340,xfinitywifi,0,36
44.946110,-93.298340,Wildcard,3,37
44.946110,-93.298340,HP-Print-B7-Officejet Pro 8610,0,37
44.946110,-93.298340,HP8AB73C,0,41
44.946110,-93.298340,HOME-1FC2,3,36
44.946403,-93.298389,USI Wireless,0,41
44.946403,-93.298389,usiw_secure,3,61
44.946403,-93.298389,!USI Fiber Available!,0,39
44.946403,-93.298389,usiw_secure_S13N140T1,3,62
44.946403,-93.298389,HOME-4357,3,39
44.946403,-93.298389,City of Minneapolis Public WiFi,0,39
44.946403,-93.298389,xfinitywifi,0,41
44.946403,-93.298389,belkin.449,3,41
44.946403,-93.298389,belkin.449.guests,0,40
44.946468,-93.298405,THE RUM BISTRO,3,43
44.946468,-93.298405,HOME-8582,3,41
44.946468,-93.298405,usiw_secure_S13N106T1,3,51
44.946468,-93.298405,HOME-20E2,3,37
44.946468,-93.298405,usiw_secure_S13N141T1,3,37
44.946468,-93.298405,Lebanon Forever,3,39
44.946777,-93.298405,( . )( . )-guest,0,63
44.946777,-93.298405,usiw_secure,3,55
44.946777,-93.298405,HOME-080F,3,46
44.946777,-93.298405,xfinitywifi,0,46
44.946777,-93.298405,City of Minneapolis Public WiFi,0,52
44.946777,-93.298405,USI Wireless,0,59
44.946777,-93.298405,usiw_secure_S13N140T1,3,58
44.946777,-93.298405,HOME-8582,3,51
44.946777,-93.298405,Kitchen Window,3,40
44.946777,-93.298405,,3,41
44.946777,-93.298405,Dogwood Private,3,40
44.946777,-93.298405,MentorMate-Guest,3,40
44.946883,-93.298405,AbrahamLinksys,3,40
44.947184,-93.298470,!USI Fiber Available!,0,49
44.947184,-93.298470,City of Minneapolis Public WiFi,0,43
44.947184,-93.298470,USI Wireless,0,52
44.947184,-93.298470,usiw_secure,3,47
44.947184,-93.298470,Kitchen Window,3,43
44.947184,-93.298470,Kitchen Window Guest,3,37
44.947184,-93.298470,Dogwood Cafe,0,36
44.947184,-93.298470,,3,43
44.947184,-93.298470,Dogwood Private,3,36
44.947184,-93.298470,xfinitywifi,0,41
44.947184,-93.298470,T-Mobile Broadband91,3,40
44.947184,-93.298470,usiw_secure_S13N140T1,3,53
44.947184,-93.298470,( . )( . )-guest,0,39
44.947274,-93.298486,Amazing Thai Guest2,0,39
44.947274,-93.298486,GMG_DB_649,3,36
44.947274,-93.298486,HOME-8582,3,40
44.947274,-93.298486,usiw_secure_S21N030T5,3,43
44.947274,-93.298486,Amazing Thailand,3,39
44.947274,-93.298486,Amazing Thai Guest1,0,39
44.947274,-93.298486,Amazing Thai Guest3,0,39
44.947510,-93.298470,usiw_secure_S13N140T1,3,50
44.947510,-93.298470,Apple Store,0,46
44.947510,-93.298470,!USI Fiber Available!,0,47
44.947510,-93.298470,City of Minneapolis Public WiFi,0,46
44.947510,-93.298470,USI Wireless,0,48
44.947510,-93.298470,usiw_secure,3,52
44.947510,-93.298470,att hotspot 3,3,45
44.947607,-93.298470,JUUT,0,36
44.947607,-93.298470,attwifi,0,37
44.947607,-93.298470,usiw_secure_S21N030T5,3,45
44.947949,-93.298584,1809u,3,46
44.947949,-93.298584,!USI Fiber Available!,0,45
44.947949,-93.298584,TAG,2,39
44.947949,-93.298584,Urban Guest WiFi,0,45
44.947949,-93.298584,City of Minneapolis Public WiFi,0,45
44.947949,-93.298584,USI Wireless,0,45
44.947949,-93.298584,usiw_secure,3,50
44.947949,-93.298584,JUUT,0,43
44.947949,-93.298584,WPI,3,44
44.947949,-93.298584,POC Guest,3,43
44.947949,-93.298584,attwifi,0,39
44.947949,-93.298584,att hotspot 3,3,36
44.947949,-93.298584,att hotspot 4,3,43
44.947949,-93.298584,usiw_secure_S13N140T1,3,47
44.948031,-93.298600,FamDoo,3,41
44.948031,-93.298600,FamDoo-guest,0,40
44.948031,-93.298600,Davanni's Guest WiFi,0,52
44.948031,-93.298600,usiw_secure_S21N030T5,3,44
44.948218,-93.298421,usiw_secure_S13N140T1,3,43
44.948218,-93.298421,!USI Fiber Available!,0,43
44.948218,-93.298421,USI Wireless,0,43
44.948218,-93.298421,JUUT,0,43
44.948218,-93.298421,City of Minneapolis Public WiFi,0,41
44.948218,-93.298421,BuildingServices-1,3,41
44.948218,-93.298421,usiw_secure,3,45
44.948218,-93.298421,xfinitywifi,0,41
44.948218,-93.298421,usiw_secure_S12N130T1,3,41
44.948218,-93.298421,FamDoo,3,45
44.948218,-93.298421,FamDoo-guest,0,47
44.948218,-93.298421,Davanni's Guest WiFi,0,44
44.948218,-93.298421,Americas_guest,0,48
44.948218,-93.298421,sunburst,3,45
44.948218,-93.298421,usiw_secure_S21N030T5,3,46
44.948250,-93.298438,Stratford,3,48
44.948250,-93.298438,Albatross,3,48
44.948250,-93.298438,istes,3,47
44.948234,-93.298486,usiw_secure_S13N140T1,3,45
44.948234,-93.298486,!USI Fiber Available!,0,45
44.948234,-93.298486,City of Minneapolis Public WiFi,0,45
44.948234,-93.298486,USI Wireless,0,43
44.948234,-93.298486,usiw_secure,3,42
44.948234,-93.298486,JUUT,0,46
44.948234,-93.298486,Stratford,3,47
44.948234,-93.298486,FamDoo,3,47
44.948234,-93.298486,FamDoo-guest,0,47
44.948234,-93.298486,WPI,3,40
44.948234,-93.298486,Americas,3,47
44.948234,-93.298486,Albatross,3,48
44.948234,-93.298486,Tile,3,49
44.948210,-93.298470,ChinoLatino,0,38
44.948210,-93.298470,sunburst,3,48
44.948210,-93.298470,istes,3,48
44.948210,-93.298470,Americas_guest,0,48
44.948210,-93.298470,HP-Print-5C-Officejet 7610,3,39
44.948210,-93.298470,Hothouse Network,3,39
44.948210,-93.298470,dlink-F9F0,3,49
44.948413,-93.298438,sunburst,3,43
44.948413,-93.298438,Americas_guest,0,40
44.948413,-93.298438,JUUT,0,39
44.948413,-93.298438,DCT206,3,36
44.948413,-93.298438,BuildingServices-1,3,49
44.948413,-93.298438,xfinitywifi,0,39
44.948413,-93.298438,XFactor Sales,3,39
44.948413,-93.298438,XFactor Guest,3,44
44.948413,-93.298438,Stratford,3,40
44.948413,-93.298438,FamDoo,3,47
44.948413,-93.298438,FamDoo-guest,0,48
44.948413,-93.298438,ChinoLatino,0,46
44.948413,-93.298438,WPI,3,36
44.948413,-93.298438,usiw_secure_S21N030T5,3,50
44.948413,-93.298438,!USI Fiber Available!,0,46
44.948413,-93.298438,City of Minneapolis Public WiFi,0,47
44.948543,-93.298454,USI Wireless,0,47
44.948543,-93.298454,usiw_secure,3,53
44.948543,-93.298454,usiw_secure_S13N140T1,3,46
44.948877,-93.298633,eBOS,0,43
44.948877,-93.298633,attwifi,0,37
44.948877,-93.298633,LM-Corp,3,44
44.948877,-93.298633,LM-Rental,3,44
44.948877,-93.298633,ChinoLatino,0,37
44.948877,-93.298633,HP-Print-B6-Officejet Pro 8610,0,43
44.948877,-93.298633,usiw_secure_S21N030T5,3,57
44.948877,-93.298633,johnfluevog,3,40
44.948877,-93.298633,City of Minneapolis Public WiFi,0,62
44.948877,-93.298633,Infinite Vapor Uptown,3,37
44.948877,-93.298633,CenturyLink1343,3,52
44.948877,-93.298633,USI Wireless,0,62
44.948877,-93.298633,usiw_secure,3,61
44.948877,-93.298633,McDonalds Free WiFi,0,43
44.949219,-93.298714,Coup D'Etat Guest,3,40
44.949219,-93.298714,usiw_secure_S21N029T2,3,46
44.949219,-93.298714,City of Minneapolis Public WiFi,0,47
44.949219,-93.298714,LM-Rental,3,45
44.949219,-93.298714,LM-Corp,3,44
44.949219,-93.298714,Infinite Vapor Uptown,3,39
44.949219,-93.298714,johnfluevog,3,46
44.949219,-93.298714,HP-Print-B6-Officejet Pro 8610,0,44
44.949219,-93.298714,JACKIE-PC_Network,3,43
44.949219,-93.298714,USI Wireless,0,62
44.949219,-93.298714,usiw_secure,3,47
44.949219,-93.298714,usiw_secure_S21N030T5,3,63
44.949219,-93.298714,!USI Fiber Available!,0,62
44.949219,-93.298714,attwifi,0,43
44.949235,-93.298503,NETGEAR59,3,36
44.949235,-93.298503,ngHub_319437NN07468,3,40
44.949235,-93.298503,McDonalds Free WiFi,0,43
44.949235,-93.298503,eBOS,0,43
44.949235,-93.298503,JJ's,3,40
44.949414,-93.298486,usiw_secure,3,49
44.949414,-93.298486,!USI Fiber Available!,0,53
44.949414,-93.298486,LionWiFi-Guest,0,47
44.949414,-93.298486,LM-Rental,3,37
44.949414,-93.298486,LM-Corp,3,37
44.949414,-93.298486,HP-Print-B6-Officejet Pro 8610,0,40
44.949414,-93.298486,USI Wireless,0,54
44.949414,-93.298486,johnfluevog,3,37
44.949414,-93.298486,usiw_secure_S21N030T5,3,50
44.949414,-93.298486,City of Minneapolis Public WiFi,0,54
44.949837,-93.298405,!USI Fiber Available!,0,54
44.949837,-93.298405,USI Wireless,0,54
44.949837,-93.298405,usiw_secure,3,57
44.949837,-93.298405,City of Minneapolis Public WiFi,0,55
44.949837,-93.298405,usiw_secure_S21N030T5,3,55
44.949837,-93.298405,LM-Corp,3,35
44.949837,-93.298405,MARYSWIFI,3,35
44.950203,-93.298389,Salsa a La Salsa - Guest,0,39
44.950203,-93.298389,USIW Free WiFi,0,39
44.950203,-93.298389,City of Minneapolis Public WiFi,0,47
44.950203,-93.298389,usiw_secure,3,48
44.950203,-93.298389,usiw_secure_S21N030T5,3,50
44.950203,-93.298389,HOME-71A5-2.4,3,45
44.950203,-93.298389,!USI Fiber Available!,0,44
44.950203,-93.298389,Salsa a La Salsa - Private,3,37
44.950203,-93.298389,usiw_secure_S12N129T1,3,40
44.950203,-93.298389,PHENOM,3,33
44.950203,-93.298389,CKApartment,3,35
44.950203,-93.298389,USI Wireless,0,48
44.950203,-93.298389,BOARDS 2.0,3,39
44.950203,-93.298389,FAMILIA HOMIES,3,43
44.950602,-93.298372,USI Wireless,0,43
44.950602,-93.298372,usiw_secure,3,44
44.950602,-93.298372,usiw_secure_S12N019T2,3,43
44.950602,-93.298372,!USI Fiber Available!,0,43
44.950602,-93.298372,BOARDS 2.0,3,44
44.950602,-93.298372,FAMILIA HOMIES,3,39
44.950602,-93.298372,mono,3,40
44.950602,-93.298372,City of Minneapolis Public WiFi,0,41
44.950602,-93.298372,usiw_secure_S21N030T5,3,46
44.950602,-93.298372,glassland,2,43
44.950602,-93.298372,PHENOM,3,36
44.951034,-93.298405,USI Wireless,0,48
44.951034,-93.298405,usiw_secure,3,46
44.951034,-93.298405,usiw_secure_S12N019T2,3,49
44.951034,-93.298405,!USI Fiber Available!,0,44
44.951034,-93.298405,City of Minneapolis Public WiFi,0,46
44.951034,-93.298405,mono,3,41
44.951034,-93.298405,mono guest,3,41
44.951034,-93.298405,BKTS,2,44
44.951034,-93.298405,Apple Network,3,43
44.951034,-93.298405,usiw_secure_S21N030T5,3,45
44.951034,-93.298405,Burgstahler,3,39
44.951408,-93.298372,GuestNet,0,49
44.951408,-93.298372,NETGEAR75,3,43
44.951408,-93.298372,Burgstahler,3,37
44.951408,-93.298372,usiw_secure_S21N030T5,3,41
44.951408,-93.298372,mono guest,3,39
44.951408,-93.298372,NETGEAR06,1,41
44.951408,-93.298372,Uncommon Grounds,0,41
44.951408,-93.298372,CenturyLink3684,3,44
44.951408,-93.298372,Isles Bun,3,37
44.951408,-93.298372,TrostelMN,1,39
44.951408,-93.298372,qwest1184,1,35
44.951408,-93.298372,CBCI-E53E-2.4,3,43
44.951408,-93.298372,Half Baked,3,43
44.951408,-93.298372,BKTS,2,41
44.951408,-93.298372,Apple Network,3,46
44.951408,-93.298372,belkin.e98,3,47
44.951408,-93.298372,UptownVapor,3,37
44.951408,-93.298372,Expo21,3,41
44.951522,-931.583333,HOME-2D42,3,37
44.951522,-931.583333,Isles Bun Guest,3,37
44.951522,-931.583333,HOME-A6E2,3,41
44.951839,-93.298372,USI Wireless,0,64
44.951839,-93.298372,usiw_secure,3,68
44.951839,-93.298372,usiw_secure_S12N019T2,3,70
44.951839,-93.298372,!USI Fiber Available!,0,70
44.951839,-93.298372,City of Minneapolis Public WiFi,0,70
44.951839,-93.298372,Kohls,3,43
44.951839,-93.298372,SalonConceptsUptown,3,39
44.951839,-93.298372,xfinitywifi,0,44
44.951839,-93.298372,HOME-A7B2,3,39
44.951839,-93.298372,Expo21,3,41
44.951839,-93.298372,The Beat,3,40
44.951839,-93.298372,linksys,2,36
44.951839,-93.298372,qwest1184,1,36
44.951839,-93.298372,HOME-597F,3,37
44.951839,-93.298372,BKTS,2,40
44.951839,-93.298372,KI Library,1,43
44.951896,-93.298372,CenturyLink4459,3,37
44.951896,-93.298372,Apple Network,3,39
44.951896,-93.298372,usiw_secure_S12N004T2,3,44
44.951896,-93.298372,myqwest0641,1,41
44.952214,-93.298421,City of Minneapolis Public WiFi,0,63
44.952214,-93.298421,HOME-A7B2,3,50
44.952214,-93.298421,USI Wireless,0,43
44.952214,-93.298421,xfinitywifi,0,54
44.952214,-93.298421,usiw_secure,3,41
44.952214,-93.298421,usiw_secure_S12N019T2,3,58
44.952214,-93.298421,CBCI-E53E-2.4,3,39
44.952214,-93.298421,Goofballs,3,41
44.952214,-93.298421,Domain,3,41
44.952214,-93.298421,usiw_secure_S12N018T5,3,43
44.952214,-93.298421,McDuff,3,46
44.952214,-93.298421,HOME-597F,3,53
44.952214,-93.298421,CenturyLink4459,3,48
44.952214,-93.298421,usiw_secure_S12N004T2,3,43
44.952214,-93.298421,!USI Fiber Available!,0,59
44.952214,-93.298421,CenturyLink0523,3,35
44.952214,-93.298421,HOME-DC52,3,36
44.952214,-93.298421,usiw_secure_S21N030T5,3,40
44.952214,-93.298421,Harmony Cycles,3,43
44.952336,-93.298405,mysisterscloset,3,36
44.952588,-93.298324,City of Minneapolis Public WiFi,0,46
44.952588,-93.298324,HOME-0C12,3,43
44.952588,-93.298324,xfinitywifi,0,39
44.952588,-93.298324,mon1524,3,37
44.952588,-93.298324,usiw_secure_S12N018T5,3,43
44.952588,-93.298324,Harmony Cycles,3,39
44.952588,-93.298324,ValidityInc,3,37
44.952588,-93.298324,& Internet,0,40
44.952588,-93.298324,14990Minn,1,43
44.952588,-93.298324,Goofballs,3,37
44.952588,-93.298324,Saint Sabrina's,3,36
44.952588,-93.298324,The Beat,3,33
44.952588,-93.298324,Saint Sabrina's-guest,0,35
44.952588,-93.298324,NETGEAR99,3,36
44.952588,-93.298324,HP-Print-AE-Officejet 6600,0,43
44.952588,-93.298324,McDuff,3,40
44.952588,-93.298324,DIRECT-sKM2020 Series,3,39
44.952588,-93.298324,CenturyLink0523,3,37
44.952669,-93.298226,W805,3,39
44.952669,-93.298226,HOME-A7B2,3,37
44.952979,-93.298112,0A9UATAN,3,53
44.952979,-93.298112,xfinitywifi,0,43
44.952979,-93.298112,HOME-0C12,3,43
44.952979,-93.298112,usiw_secure,3,50
44.952979,-93.298112,HOME-CA3F,3,41
44.952979,-93.298112,ValidityInc,3,41
44.952979,-93.298112,!USI Fiber Available!,0,49
44.952979,-93.298112,Apt 4,3,39
44.952979,-93.298112,Saint Sabrina's,3,44
44.952979,-93.298112,Laura Koski's Network,3,36
44.952979,-93.298112,USI Wireless,0,49
44.952979,-93.298112,usiw_secure_S12N018T5,3,46
44.952979,-93.298112,Studying,2,43
44.952979,-93.298112,Olson-2.4,3,49
44.952979,-93.298112,usiw_secure_S12N004T2,3,46
44.952979,-93.298112,City of Minneapolis Public WiFi,0,50
44.952979,-93.298112,Bill Wi the Science Fi,2,37
44.952979,-93.298112,Zoom694d,3,43
44.952979,-93.298112,usiw_secure_S12N019T2,3,47
44.952979,-93.298112,HOME-C098,3,43
44.953361,-93.297949,0A9UATAN,3,45
44.953361,-93.297949,HOME-D250,3,51
44.953361,-93.297949,xfinitywifi,0,52
44.953361,-93.297949,W805,3,40
44.953361,-93.297949,Apt 4,3,46
44.953361,-93.297949,HOME-C322,3,52
44.953361,-93.297949,Saint Sabrina's,3,49
44.953361,-93.297949,Saint Sabrina's-guest,0,40
44.953361,-93.297949,& Internet,0,41
44.953361,-93.297949,usiw_secure,3,57
44.953361,-93.297949,Haven.Salon,2,44
44.953361,-93.297949,!USI Fiber Available!,0,53
44.953361,-93.297949,Unable to Connect.,3,46
44.953361,-93.297949,usiw_secure_S12N019T2,3,44
44.953361,-93.297949,usiw_secure_S12N004T2,3,51
44.953361,-93.297949,OOTIE,3,36
44.953361,-93.297949,Glitterbomb,2,37
44.953361,-93.297949,USI-Fiber_4F9C,3,40
44.953361,-93.297949,ZyXELCE526C,3,51
44.953361,-93.297949,USI-Fiber_8FEC,3,43
44.953687,-93.297754,xfinitywifi,0,47
44.953687,-93.297754,Deadly Microwave Radiation,3,37
44.953687,-93.297754,CenturyLink1412,3,39
44.953687,-93.297754,usiw_secure,3,62
44.953687,-93.297754,!USI Fiber Available!,0,43
44.953687,-93.297754,Saint Sabrina's,3,44
44.953687,-93.297754,Saint Sabrina's-guest,0,45
44.953687,-93.297754,NETGEAR99,3,53
44.953687,-93.297754,208,3,43
44.953687,-93.297754,Haven.Salon,2,35
44.953687,-93.297754,HOME-3682,3,41
44.953687,-93.297754,usiw_secure_S12N004T2,3,66
44.953687,-93.297754,City of Minneapolis Public WiFi,0,65
44.953687,-93.297754,Glitterbomb,2,43
44.953687,-93.297754,Bdog's Palace,3,37
44.953687,-93.297754,usiw_secure_S12N019T2,3,45
44.953687,-93.297754,NETGEAR05,3,36
44.953687,-93.297754,HOME-F498,3,39
44.953687,-93.297754,SETUP,0,39
44.953817,-93.297738,Ezra,3,39
44.954102,-93.297607,Deadly Microwave Radiation,3,46
44.954102,-93.297607,Unable to Connect.,3,44
44.954102,-93.297607,Green Mill Restaurant,0,39
44.954102,-93.297607,usiw_secure_S12N019T2,3,41
44.954102,-93.297607,xfinitywifi,0,39
44.954102,-93.297607,USI Wireless,0,36
44.954102,-93.297607,City of Minneapolis Public WiFi,0,41
44.954102,-93.297607,!USI Fiber Available!,0,53
44.954102,-93.297607,Saint Sabrina's-guest,0,46
44.954102,-93.297607,ThreeGirls-2.4,3,40
44.954102,-93.297607,ASUS,3,40
44.954102,-93.297607,ToTheMoon,3,47
44.954102,-93.297607,SETUP,0,41
44.954102,-93.297607,HOME-BC67,3,45
44.954102,-93.297607,Glitterbomb,2,36
44.954102,-93.297607,VIRUS,3,40
44.954102,-93.297607,Ezra,3,40
44.954102,-93.297607,HOME-D250,3,45
44.954102,-93.297607,Saint Sabrina's,3,46
44.954102,-93.297607,HOME-DE41,3,39
44.954102,-93.297607,usiw_secure_S12N018T5,3,54
44.954484,-93.297396,HOME-A272,3,39
44.954484,-93.297396,usiw_secure_S12N004T2,3,51
44.954484,-93.297396,Batcomputersecure,3,46
44.954484,-93.297396,xfinitywifi,0,44
44.954484,-93.297396,Deadly Microwave Radiation,3,41
44.954484,-93.297396,USI Wireless,0,43
44.954484,-93.297396,HOME-3F2A,3,40
44.954484,-93.297396,usiw_secure_S12N019T2,3,45
44.954484,-93.297396,!USI Fiber Available!,0,46
44.954484,-93.297396,USI-Fiber_4FC8,3,43
44.954484,-93.297396,HOME-DE41,3,44
44.954484,-93.297396,imaginationland,3,36
44.954484,-93.297396,City of Minneapolis Public WiFi,0,48
44.954484,-93.297396,MGTNETNEW,3,44
44.954484,-93.297396,CenturyLink1412,3,37
44.954484,-93.297396,HOME-A6E2,3,36
44.954484,-93.297396,The Washington Redskins,3,37
44.954484,-93.297396,HOME-D532,3,39
44.954484,-93.297396,Glitterbomb,2,39
44.954484,-93.297396,USI-Fiber_8B3C,3,37
44.954891,-93.297363,Batcomputersecure,3,46
44.954891,-93.297363,HOME-3F2A,3,37
44.954891,-93.297363,Green Mill Restaurant,0,50
44.954891,-93.297363,HOME-BC67,3,44
44.954891,-93.297363,xfinitywifi,0,41
44.954891,-93.297363,Phoenix Guest,3,43
44.954891,-93.297363,usiw_secure,3,53
44.954891,-93.297363,HOME-F43C-2.4,3,43
44.954891,-93.297363,usiw_secure_S12N018T5,3,58
44.954891,-93.297363,HOME-B2E2,3,36
44.954891,-93.297363,!USI Fiber Available!,0,57
44.954891,-93.297363,City of Minneapolis Public WiFi,0,44
44.954891,-93.297363,sohocafe1,3,37
44.954891,-93.297363,Jonathan-Irons-2.4,3,47
44.954891,-93.297363,ToTheMoon,3,44
44.954891,-93.297363,Artist Formerly Known as Wi-Fi,3,46
44.954891,-93.297363,USI Wireless,0,45
44.954891,-93.297363,DrAllenGrant-guest,0,37
44.954891,-93.297363,usiw_secure_S12N019T2,3,41
44.954891,-93.297363,Belkin_G_Wireless_121E4E,3,37
44.955249,-93.297119,Batcomputersecure,3,44
44.955249,-93.297119,NETGEAR45,3,37
44.955249,-93.297119,Phoenix Guest,3,44
44.955249,-93.297119,KLTNet,2,41
44.955249,-93.297119,Jonathan-Irons-2.4,3,36
44.955249,-93.297119,HOME-A6E2,3,43
44.955249,-93.297119,Kemps-2.4GHz,3,37
44.955249,-93.297119,EmmAyArrrEh,0,40
44.955249,-93.297119,HOME-F43C-2.4,3,41
44.955249,-93.297119,Animal Medical Clinic - Guest,3,41
44.955249,-93.297119,USI Wireless,0,64
44.955249,-93.297119,Animal Medical Clinic - Staff,3,43
44.955249,-93.297119,Cleocatra,2,36
44.955249,-93.297119,uptown diner,3,44
44.955249,-93.297119,The Arts Nest,3,43
44.955249,-93.297119,FBI_Surveillance_Van_03,3,39
44.955249,-93.297119,DamnRussian,3,36
44.955249,-93.297119,Kemps-guest-2.4GHz,3,39
44.955249,-93.297119,5x5 Telecom @AMC,3,41
44.955249,-93.297119,Wendy's Wi-Fi Network,3,36
44.955249,-93.297119,xfinitywifi,0,36
44.955648,-93.296908,RainbowLaundry,3,43
44.955648,-93.296908,RainbowLaundry-guest,0,43
44.955648,-93.296908,Animal Medical Clinic - Guest,3,37
44.955648,-93.296908,KLTNet,2,41
44.955648,-93.296908,5x5 Telecom @AMC,3,37
44.955648,-93.296908,UptownAlchemy,3,43
44.955648,-93.296908,Synaptic Design,3,43
44.955648,-93.296908,Finn Juhl,3,40
44.955648,-93.296908,usiw_secure_S12N018T5,3,55
44.955648,-93.296908,KLTINet,3,37
44.955648,-93.296908,NaughtyNaughty,3,39
44.955648,-93.296908,City of Minneapolis Public WiFi,0,40
44.955648,-93.296908,UptownAlchemy1,2,44
44.955648,-93.296908,xfinitywifi,0,37
44.955648,-93.296908,!USI Fiber Available!,0,51
44.955648,-93.296908,Tea Garden,3,41
44.955648,-93.296908,USI-Fiber_862C,3,41
44.955648,-93.296908,HP-Print-2d-Color LaserJet MFP,0,43
44.955648,-93.296908,uptown diner,3,40
44.955648,-93.296908,HOME-D532,3,39
44.956014,-93.296631,usiw_secure_S12N018T5,3,62
44.956014,-93.296631,xfinitywifi,0,57
44.956014,-93.296631,sohocafe1,3,54
44.956014,-93.296631,LCFCNetwork,3,39
44.956014,-93.296631,usiw_secure_S12N002T2,3,47
44.956014,-93.296631,DunnBros,3,37
44.956014,-93.296631,City of Minneapolis Public WiFi,0,54
44.956014,-93.296631,USI Wireless,0,55
44.956014,-93.296631,TPaulson,3,44
44.956014,-93.296631,young folks (guest),3,43
44.956014,-93.296631,young folks,3,51
44.956014,-93.296631,sohocafe,3,46
44.956014,-93.296631,HP-Print-2d-Color LaserJet MFP,0,41
44.956014,-93.296631,USI-Fiber_D7A4,3,47
44.956014,-93.296631,KLTINet,3,43
44.956014,-93.296631,usiw_secure,3,54
44.956014,-93.296631,Studio,3,39
44.956014,-93.296631,KLTNet,2,43
44.956014,-93.296631,HOME-3A02,3,44
44.956014,-93.296631,!USI Fiber Available!,0,56
44.956388,-93.296403,HOME-2F62,3,49
44.956388,-93.296403,xfinitywifi,0,54
44.956388,-93.296403,usiw_secure_S12N002T2,3,50
44.956388,-93.296403,!USI Fiber Available!,0,49
44.956388,-93.296403,City of Minneapolis Public WiFi,0,51
44.956388,-93.296403,USI Wireless,0,48
44.956388,-93.296403,usiw_secure,3,51
44.956388,-93.296403,LCFCNetwork,3,44
44.956388,-93.296403,young folks (guest),3,45
44.956388,-93.296403,young folks,3,46
44.956388,-93.296403,HOME-C0C2,3,44
44.956388,-93.296403,Studio,3,41
44.956388,-93.296403,TacosYTequila,3,45
44.956388,-93.296403,Linksys28020-guest,0,44
44.956388,-93.296403,HOME-3A02,3,40
44.956388,-93.296403,HP-Print-2d-Color LaserJet MFP,0,37
44.956388,-93.296403,HOME-8172,3,37
44.956779,-93.296094,Express_Wash,3,38
44.956779,-93.296094,City of Minneapolis Public WiFi,0,44
44.956779,-93.296094,usiw_secure,3,54
44.956779,-93.296094,USI Wireless,0,42
44.956779,-93.296094,xfinitywifi,0,43
44.956779,-93.296094,usiw_secure_S12N002T2,3,54
44.956779,-93.296094,HP-Print-84-Officejet 6600,3,41
44.956779,-93.296094,!USI Fiber Available!,0,45
44.956779,-93.296094,NETGEAR39,3,43
44.956779,-93.296094,TacosYTequila,3,41
44.956779,-93.296094,Linksys28020-guest,0,42
44.956779,-93.296094,NETGEAR91,3,45
44.956779,-93.296094,CBCI-9758-2.4,3,53
44.956779,-93.296094,HP-Print-15-Officejet 4630,3,43
44.956779,-93.296094,HOME-8172,3,44
44.956779,-93.296094,USIW Free WiFi,0,45
44.956779,-93.296094,Namaste,3,54
44.956779,-93.296094,HOME-2F62,3,40
44.957137,-93.295817,xfinitywifi,0,36
44.957137,-93.295817,usiw_secure_S12N017T5,3,44
44.957137,-93.295817,USIW Free WiFi,0,43
44.957137,-93.295817,USI Wireless,0,58
44.957137,-93.295817,usiw_secure_S12N002T2,3,54
44.957137,-93.295817,City of Minneapolis Public WiFi,0,60
44.957137,-93.295817,usiw_secure,3,47
44.957137,-93.295817,usiw_secure_S12N018T5,3,47
44.957137,-93.295817,!USI Fiber Available!,0,58
44.957137,-93.295817,Casablanca,3,47
44.957137,-93.295817,TandA,3,38
44.957137,-93.295817,VirusStore,3,42
44.957137,-93.295817,Express_Wash,3,45
44.957137,-93.295817,CBCI-9758-2.4,3,38
44.957137,-93.295817,HOME-3140,3,42
44.957137,-93.295817,Kowalskis Cafe,0,40
44.957137,-93.295817,RinataHotspot,0,37
44.957137,-93.295817,NIP1,2,36
44.957430,-93.295524,NIP1,2,36
44.957430,-93.295524,RinataHotspot,0,42
44.957430,-93.295524,USI Wireless,0,49
44.957430,-93.295524,usiw_secure_S12N018T5,3,44
44.957430,-93.295524,usiw_secure_S12N002T2,3,60
44.957430,-93.295524,!USI Fiber Available!,0,60
44.957430,-93.295524,CenturyLink1275,3,42
44.957430,-93.295524,NETGEAR83,3,40
44.957430,-93.295524,USIW Free WiFi,0,44
44.957430,-93.295524,HOME-6401,3,46
44.957430,-93.295524,Kowalskis Cafe,0,42
44.957430,-93.295524,City of Minneapolis Public WiFi,0,60
44.957430,-93.295524,usiw_secure,3,48
44.957430,-93.295524,Vital Vinyl Guest Network,3,36
44.957430,-93.295524,xfinitywifi,0,45
44.957430,-93.295524,usiw_secure_S12N017T5,3,42
44.957886,-93.295329,usiw_secure,3,42
44.957886,-93.295329,USIW Free WiFi,0,45
44.957886,-93.295329,City of Minneapolis Public WiFi,0,54
44.957886,-93.295329,NIP1,2,43
44.957886,-93.295329,USI Wireless,0,44
44.957886,-93.295329,usiw_secure_S12N018T5,3,40
44.957886,-93.295329,!USI Fiber Available!,0,54
44.957886,-93.295329,usiw_secure_S12N002T2,3,54
44.957886,-93.295329,SHUT UP MOM GOD,3,43
44.957886,-93.295329,Vital Vinyl Guest Network,3,52
44.957886,-93.295329,NETGEAR83,3,38
44.957886,-93.295329,usiw_secure_S12N017T5,3,45
44.957886,-93.295329,xfinitywifi,0,38
44.957886,-93.295329,hyzap giraffe,3,36
44.958211,-93.295052,usiw_secure,3,41
44.958211,-93.295052,DOMINOS1947-2.4,3,37
44.958211,-93.295052,usiw_secure_S12N017T5,3,47
44.958211,-93.295052,USIW Free WiFi,0,46
44.958211,-93.295052,DoodleCloud,3,36
44.958211,-93.295052,NIP1,2,51
44.958211,-93.295052,medialink,2,34
44.958651,-93.294792,USI Wireless,0,52
44.958651,-93.294792,usiw_secure,3,52
44.958651,-93.294792,CenturyLink1662,3,42
44.958651,-93.294792,usiw_secure_S12N017T5,3,52
44.958651,-93.294792,USIW Free WiFi,0,57
44.958651,-93.294792,City of Minneapolis Public WiFi,0,49
44.958651,-93.294792,!USI Fiber Available!,0,49
44.958651,-93.294792,xfinitywifi,0,42
44.958651,-93.294792,Lucita,3,36
44.958651,-93.294792,Time Machine Airport Wifi,3,43
44.958651,-93.294792,ScaryHot,1,42
44.958651,-93.294792,hyzap giraffe,3,42
44.958651,-93.294792,NETGEAR83,3,38
44.958651,-93.294792,Velin,3,44
44.958651,-93.294792,NIP1,2,40
44.958651,-93.294792,AVB,3,50
44.958651,-93.294792,CenturyLink0850,3,44
44.958651,-93.294792,default,0,37
44.959066,-93.294515,USI Wireless,0,42
44.959066,-93.294515,usiw_secure,3,43
44.959066,-93.294515,usiw_secure_S12N017T5,3,58
44.959066,-93.294515,USIW Free WiFi,0,63
44.959066,-93.294515,City of Minneapolis Public WiFi,0,61
44.959066,-93.294515,!USI Fiber Available!,0,44
44.959066,-93.294515,usiw_secure_S12N002T2,3,42
44.959066,-93.294515,2405 Apartments Wi-Fi,3,37
44.959066,-93.294515,ngHub_319434NG0262D,3,45
44.959066,-93.294515,Spyhouse II,3,41
44.959066,-93.294515,HOME-3914,3,40
44.959066,-93.294515,TIOPEN,3,36
44.959066,-93.294515,TISECURE,3,36
44.959066,-93.294515,Spyhouse I,2,41
44.959066,-93.294515,Time Machine Airport Wifi,3,38
44.959066,-93.294515,Sudz2-Guest,3,41
44.959367,-93.294173,HOME-3914,3,48
44.959367,-93.294173,usiw_secure,3,49
44.959440,9.250000,honk,3,51
44.959440,9.250000,xfinitywifi,0,41
44.959888,-93.293880,BrannigansLaw,3,43
44.959888,-93.293880,usiw_secure,3,54
44.959888,-93.293880,usiw_secure_S12N017T5,3,54
44.959888,-93.293880,USIW Free WiFi,0,49
44.959888,-93.293880,City of Minneapolis Public WiFi,0,54
44.959888,-93.293880,NETGEAR,0,40
44.959888,-93.293880,Dragon's Den,3,40
44.959888,-93.293880,HOME5102,3,42
44.959888,-93.293880,!USI Fiber Available!,0,43
44.959888,-93.293880,USI Wireless,0,51
44.959888,-93.293880,studiiyo23,1,33
44.959888,-93.293880,WiFi,3,33
44.959888,-93.293880,HOME-1EC8,3,46
44.959888,-93.293880,HOME-3914,3,43
44.960140,-93.293717,CenturyLink3105,3,42
44.960140,-93.293717,usiw_secure,3,47
44.960140,-93.293717,usiw_secure_S12N001T2,3,42
44.960433,-93.293490,Google Starbucks,0,47
44.960433,-93.293490,USIW Free WiFi,0,44
44.960433,-93.293490,Um hello? ....is this thing on?,3,40
44.960588,-93.293457,W J Forster House,3,43
44.960824,-93.293538,City of Minneapolis Public WiFi,0,41
44.960824,-93.293538,Rosales05,3,37
44.960824,-93.293538,xfinitywifi,0,37
44.960824,-93.293538,SETUP,0,36
44.960848,-93.293359,usiw_secure_S12N017T5,3,44
44.960848,-93.293359,default,0,37
44.960848,-93.293359,TV Room Chromecast,0,36
44.960848,-93.293359,LowryRose,3,36
44.960848,-93.293359,LowryHillDistrict.com,3,41
44.960848,-93.293359,ryan,3,44
44.960848,-93.293359,MOBskin,3,37
44.960848,-93.293359,WiFi Hotspot 0387,3,43
44.960848,-93.293359,NETGEAR84,3,39
44.960848,-93.293359,!USI Fiber Available!,0,43
44.960848,-93.293359,Belkin.36DD,3,40
44.960848,-93.293359,Damico and Sons WiFi,0,37
44.960848,-93.293359,pictureofnectar,3,40
44.960848,-93.293359,USI-Fiber_4D6C,3,43
44.960848,-93.293359,centurylink1846,3,36
44.961027,-93.293050,HOME-93F0,3,48
44.961027,-93.293050,xfinitywifi,0,37
44.961027,-93.293050,USI-Fiber_4D6C,3,36
44.961027,-93.293050,BOXTWAT,2,37
44.961125,-93.292969,!USI Fiber Available!,0,45
44.961125,-93.292969,HOME-2CA2,3,37
44.961125,-93.292969,usiw_secure_S12N001T2,3,49
44.961125,-93.292969,RodgersToJordy,3,41
44.961125,-93.292969,if_i_was_a_wifi,3,43
44.961125,-93.292969,MOBskin,3,43
44.961125,-93.292969,Rosales05,3,39
44.961125,-93.292969,centurylink1846,3,46
44.961125,-93.292969,Um, hello? ....is this thing on?,3,50
44.961125,-93.292969,W J Forster House,3,41
44.961401,-93.292904,HOME-2CA2,3,44
44.961401,-93.292904,HPE710n.5B14C7,0,36
44.961401,-93.292904,Um, hello? ....is this thing on?,3,43
44.961401,-93.292904,Lowry Guest,3,40
44.961450,-93.292839,Squishy,3,47
44.961450,-93.292839,RodgersToJordy,3,44
44.961450,-93.292839,Brandonna,3,35
44.961450,-93.292839,if_i_was_a_wifi,3,43
44.961450,-93.292839,CH-GUEST,3,35
44.961450,-93.292839,Ouch Bananas,3,37
44.961450,-93.292839,IRSI_2.4GHz,3,37
44.961450,-93.292839,TurtleFace,3,43
44.961450,-93.292839,Los Interwebs,3,37
44.961662,-93.292676,HOME-2CA2,3,41
44.961662,-93.292676,xfinitywifi,0,39
44.961662,-93.292676,City of Minneapolis Public WiFi,0,49
44.961662,-93.292676,OttosBalls,3,37
44.961662,-93.292676,HOME-2C41,3,45
44.961662,-93.292676,usiw_secure,3,47
44.961662,-93.292676,HOME-0EC8,3,37
44.961743,-93.292594,usiw_secure_S12N001T2,3,47
44.961743,-93.292594,Brandonna,3,46
44.961743,-93.292594,CH,3,48
44.961743,-93.292594,CH-GUEST,3,43
44.961743,-93.292594,Ouch Bananas,3,36
44.961743,-93.292594,IRSI_2.4GHz,3,44
44.961743,-93.292594,Los Interwebs,3,37
44.961743,-93.292594,!USI Fiber Available!,0,50
44.961743,-93.292594,Roger Sterling's Cash Bar,3,44
44.961743,-93.292594,USI Wireless,0,48
44.961743,-93.292594,HOME-B0F2,3,39
44.961743,-93.292594,usiw_secure_S12N016T5,3,52
44.961743,-93.292594,Squishy,3,39
44.961987,-93.292350,!USI Fiber Available!,0,54
44.961987,-93.292350,BeerBall191,3,39
44.961987,-93.292350,USI Wireless,0,56
44.961987,-93.292350,xfinitywifi,0,39
44.961987,-93.292350,usiw_secure,3,49
44.961987,-93.292350,usiw_secure_S12N001T2,3,50
44.961987,-93.292350,KKsGMC,3,43
44.961987,-93.292350,CH-GUEST,3,43
44.962044,-93.292253,CH,3,43
44.962044,-93.292253,HOME-BAC9-2.4,3,52
44.962044,-93.292253,City of Minneapolis Public WiFi,0,50
44.962044,-93.292253,usiw_secure_S12N016T5,3,47
44.962044,-93.292253,HP-Print-9B-Officejet Pro 8610,3,46
44.962044,-93.292253,Uptown Curl,3,53
44.962044,-93.292253,SfG Guest,0,41
44.962044,-93.292253,Software for Good,3,40
44.962044,-93.292253,PrettyFlyForAWifi,3,40
44.962280,-93.292057,!USI Fiber Available!,0,66
44.962280,-93.292057,BeerBall191,3,50
44.962280,-93.292057,City of Minneapolis Public WiFi,0,73
44.962280,-93.292057,HOME-2C41,3,46
44.962280,-93.292057,USI Wireless,0,70
44.962280,-93.292057,xfinitywifi,0,43
44.962378,-93.292025,usiw_secure_S12N001T2,3,70
44.962378,-93.292025,amarcades,0,36
44.962378,-93.292025,#304referenceus2save,3,39
44.962378,-93.292025,usiw_secure,3,70
44.962378,-93.292025,usiw_secure_S12N028T5,3,36
44.962378,-93.292025,HOME-A7A2,3,43
44.962378,-93.292025,usiw_secure_S21N129T1,3,40
44.962378,-93.292025,NETGEAR54,3,37
44.962378,-93.292025,HOME-BAC9-2.4,3,45
44.962378,-93.292025,HOME-99B2,3,39
44.962378,-93.292025,usiw_secure_S12N016T5,3,45
44.962378,-93.292025,Homeworks4,3,45
44.962378,-93.292025,belkin.8f4.guests,0,36
44.962378,-93.292025,James Kloiber's Guest Network,3,37
44.962524,-93.291943,!USI Fiber Available!,0,62
44.962524,-93.291943,City of Minneapolis Public WiFi,0,52
44.962524,-93.291943,usiw_secure,3,65
44.962524,-93.291943,xfinitywifi,0,46
44.962524,-93.291943,HOME-A7A2,3,40
44.962524,-93.291943,swat team van #3,3,43
44.962524,-93.291943,Homeworks4,3,51
44.962524,-93.291943,HOME-BAC9-2.4,3,48
44.962524,-93.291943,nitenurse,3,43
44.962549,-93.291943,USI Wireless,0,65
44.962549,-93.291943,usiw_secure_S12N001T2,3,66
44.962549,-93.291943,gibson,3,36
44.962549,-93.291943,couscouscouscous,2,39
44.962549,-93.291943,swat team van #3-guest,0,51
44.962549,-93.291943,BeerBall191,3,52
44.962549,-93.291943,usiw_secure_S21N007T2,3,53
44.962630,-93.291927,usiw_secure,3,77
44.962630,-93.291927,usiw_secure_S12N001T2,3,77
44.962630,-93.291927,!USI Fiber Available!,0,78
44.962630,-93.291927,LiftLoft,3,39
44.962630,-93.291927,USI Wireless,0,78
44.962630,-93.291927,xfinitywifi,0,44
44.962630,-93.291927,echidnainc24,1,39
44.962630,-93.291927,usiw_secure_S21N007T2,3,50
44.962630,-93.291927,amarcades,0,37
44.962630,-93.291927,usiw_secure_S12N028T5,3,41
44.962630,-93.291960,HOME-A7A2,3,45
44.962630,-93.291960,NIC,3,44
44.962630,-93.291960,swat team van #3,3,43
44.962630,-93.291960,swat team van #3-guest,0,45
44.962630,-93.291960,Homeworks4,3,50
44.962728,-93.292204,!USI Fiber Available!,0,46
44.962728,-93.292204,City of Minneapolis Public WiFi,0,53
44.962728,-93.292204,usiw_secure,3,65
44.962728,-93.292204,xfinitywifi,0,48
44.962728,-93.292204,usiw_secure_S12N001T2,3,70
44.962728,-93.292204,amarcades,0,39
44.962728,-93.292204,USI Wireless,0,40
44.962728,-93.292204,usiw_secure_S12N028T5,3,50
44.962728,-93.292204,swat team van #3,3,45
44.962728,-93.292204,swat team van #3-guest,0,43
44.962728,-93.292204,SniderLawFirm,3,45
44.962687,-93.292187,HOME-BAC9-2.4,3,44
44.962687,-93.292187,nitenurse,3,40
44.962687,-93.292187,WiFi Hotspot 1530,3,41
44.962687,-93.292187,usiw_secure_S21N007T2,3,46
44.962687,-93.292187,usiw_secure_S12N016T5,3,52
44.962687,-93.292187,BeerBall191,3,50
44.962687,-93.292187,PrettyFlyForAWifi-guest,0,45
44.962687,-93.292187,HOME-60A2-2.4,3,55
44.962687,-93.292187,CenturyLink9143,3,43
44.962687,-93.292187,Homeworks4,3,46
44.962646,-93.291764,xfinitywifi,0,36
44.962646,-93.291764,SfG Guest,0,37
44.962646,-93.291764,PrettyFlyForAWifi,3,43
44.962646,-93.291764,PrettyFlyForAWifi-guest,0,50
44.962646,-93.291764,Software for Good,3,37
44.962646,-93.291764,USI_Fiber-8125 2.4g,3,40
44.962646,-93.291764,BeerBall191,3,49
44.962646,-93.291764,HOME-2C41,3,54
44.962646,-93.291764,USI Wireless,0,53
44.962646,-93.291764,FinnAndJakeAndBMO,3,50
44.962646,-93.291764,swat team van #3,3,45
44.962646,-93.291764,usiw_secure_S12N001T2,3,53
44.962573,-93.291732,HOME-DDCA-2.4,3,36
44.962573,-93.291732,HOME-7CCF,3,40
44.962573,-93.291732,HOME-CBC9-2.4,3,40
44.962573,-93.291732,Homeworks4,3,46
44.962573,-93.291732,swat team van #3-guest,0,52
44.962573,-93.291732,HOME-60A2-2.4,3,46
44.962573,-93.291732,amarcades,0,36
44.962573,-93.291732,HOME-BAC9-2.4,3,49